NAME,HOX_D1,HOX_D2,HOX_D4,HOX_D7,HOX_D14
ILMN_2053546,-0.648248538,0.027335661,-0.03789952,-0.840129108,-0.173554456
ILMN_1742981,0.596445743,0.289452229,-0.167664872,0.170265932,-0.053307577
ILMN_3224758,0.51500854,0.072121062,-0.048392328,0.063114523,-0.103068787
ILMN_1755115,-0.432119801,0.044306233,-0.086660904,-0.540994292,-0.237224914
ILMN_1789702,0.009098776,0.123383874,0.215799258,-1.275781132,0.026091087
ILMN_2053546,-0.648248538,0.027335661,-0.03789952,-0.840129108,-0.173554456
ILMN_1784217,-0.171914748,-0.375191938,-0.256473144,-0.97748146,0.073479647
ILMN_1652082,-0.078521725,-0.013694168,-0.126125009,-0.677276977,0.15559456
ILMN_2053178,-0.438556595,0.02890982,0.082894933,-0.573477776,-0.029580187
ILMN_1656625,-0.355047215,-0.005476795,-0.199327644,-0.457417122,-0.120738949
ILMN_1665909,-0.435268778,0.072852883,-0.183646802,-0.581884995,-0.081579162
ILMN_3246292,-0.39645775,0.049437775,-0.128479077,-0.531876321,-0.107918233
ILMN_1803429,0.129517778,0.138226394,0.208560876,0.803249912,0.221081702
ILMN_1670881,0.175554998,-0.060116267,0.091901749,0.924698267,0.128478952
ILMN_2051519,-0.361651973,0.075446411,0.063875741,-0.517797015,0.004252678
ILMN_1698020,0.280967139,-0.160748162,0.139368843,0.649743835,0.042860051
ILMN_1655561,-0.355991531,-0.126548692,-0.24944636,-0.63465998,0.002177913
ILMN_1737988,-0.022649697,0.285611164,0.164192705,0.596066168,0.136853878
ILMN_2134062,0.068337463,-0.056581673,-0.050014072,0.955751925,-0.134444607
ILMN_2215061,-0.371527781,0.161423411,-0.031953005,-0.520116205,-0.072203392
ILMN_1713636,-0.413893007,-0.222265107,-0.033977343,-0.690506285,-0.000114874
ILMN_1655377,-0.201648372,0.099194541,0.00824829,-0.461700527,-0.059690197
ILMN_2050434,-0.398438514,0.076883332,0.034424395,-0.557831636,-0.058325514
ILMN_1725791,-0.030982206,-0.400958654,-0.149883217,-0.508019508,0.038339368
ILMN_1687805,-0.351706802,0.088432696,-0.138725994,-0.399917369,-0.036080942
ILMN_2394438,-0.37631976,0.08904858,-0.107088944,-0.496049344,-0.062796265
ILMN_2337655,-0.141614724,0.281952095,-0.194276589,-0.441721712,0.005557035
ILMN_1710325,-0.074508215,-0.30412273,-0.123519164,-0.536580567,-0.078113028
ILMN_1801853,0.151057294,0.137529465,0.167624399,0.464142959,0.060580899
ILMN_1683146,-0.085266159,0.340248908,0.268576292,0.585416933,-0.115463294
ILMN_1762725,0.016781615,0.10030067,-0.091714907,0.530581972,-0.03886733
ILMN_1802360,0.064530119,0.053357591,0.032401618,0.478598455,-0.036119859
ILMN_1727142,0.006459787,-0.008936547,0.104000339,0.445486855,0.071630494
ILMN_3282174,0.259919309,0.073811058,0.065385351,0.45834697,-0.237309332
ILMN_1698726,0.299923623,0.073497707,0.154398006,0.387372236,0.136909332
ILMN_3288587,-0.109881558,-0.077172671,-0.136936852,-0.48585884,-0.039818116
ILMN_1691117,-0.069636594,0.197909078,-0.180851247,-0.457828237,-0.064157581
ILMN_2088825,-0.239030132,-0.0308497,-0.079290753,-0.474905861,-0.234832534
ILMN_1779376,-0.141305422,0.405171816,0.087859333,-0.531685276,0.105935878
ILMN_1750181,-0.17881389,-0.095572738,-0.219401414,-0.737321631,-0.147702842
ILMN_2319996,-0.274669266,-0.026272252,-0.092447738,-0.479597799,-0.125477046
ILMN_3283449,0.557046077,0.277515408,0.078233002,0.748991423,-0.367779447
ILMN_1716651,-0.187267362,0.050465056,-0.229480579,1.128171579,-0.24392693
ILMN_3299478,0.045450049,-0.222727347,-0.010549601,0.428402525,0.019685584
ILMN_3292008,0.189138116,0.051179309,-0.092408907,0.47496716,-0.208449497
ILMN_1753064,0.055902412,0.152108831,0.028428316,0.433945246,0.1247886
ILMN_3274666,0.218600192,-0.085498293,-0.053751787,0.506513464,-0.288306808
ILMN_3219764,-0.002122166,0.029323717,0.097729712,0.416152246,-0.081256428
ILMN_3226291,0.016808571,0.073602618,-0.040535711,0.501492985,-0.158303003
ILMN_1660869,-0.178361617,-0.12179246,-0.254846754,-0.41552408,0.014343763
ILMN_1764230,-0.198750847,-0.165509359,-0.259508931,-0.47143688,0.09634597
ILMN_3241462,-0.364502934,0.194270085,-0.008286654,-0.424653554,0.009239943
ILMN_3289100,0.038953087,-0.027674256,-0.057805113,0.538714935,-0.154580474
ILMN_1675460,0.14849048,0.02529111,0.06035678,0.481368453,-0.05914386
ILMN_1709348,-0.049479719,-0.567205914,-0.143802296,-0.582907596,0.100198419
ILMN_1792990,0.186064415,0.072422894,0.013561218,0.428923089,0.067609191
ILMN_1746090,0.110917729,0.158974298,0.36080043,0.437054546,0.156050294
ILMN_1680403,0.189823483,-0.14196568,-0.041366494,0.48566907,0.214970152
ILMN_3280020,0.071773169,0.006801324,0.08140256,0.572611424,-0.638818514
ILMN_2041368,-0.348485311,-0.002154126,-0.065182499,-0.437766965,-0.154199907
ILMN_1684017,-0.121461205,-0.294041653,-0.069570525,-0.48351169,-0.159382007
ILMN_1733831,0.215173748,0.2784869,0.111077727,0.774085618,0.169901884
ILMN_1654013,-0.118144966,-0.159146773,-0.171716754,-0.419094021,0.197645868
ILMN_1779401,-0.161016691,-0.324391567,-0.218552159,-0.475169772,-0.077448248
ILMN_1685538,0.161116124,0.124598813,0.03562813,0.440371331,-0.082427301
ILMN_1810577,-0.024898044,-0.17597735,-0.118748005,0.406803028,0.00336322
ILMN_2370365,-0.073724181,-0.08250417,-0.064782322,-0.484452335,-0.022291219
ILMN_1694539,-0.109770837,0.083831744,0.017943282,-0.388030099,-0.165073524
ILMN_1709233,0.092647149,-0.039125851,0.220878463,0.456698305,0.319497571
ILMN_1788022,0.41214992,0.451849636,0.243522809,0.460910715,0.365739408
ILMN_1723729,0.091767886,0.217117807,-0.008278731,0.495989566,0.377716238
ILMN_2412521,-0.433113165,0.025292253,-0.116576782,-0.437203901,-0.090115928
ILMN_1785404,-0.174765883,-0.469293748,-0.066736197,-0.852725771,0.131399377
ILMN_1696568,-0.20760219,0.195935132,0.071767235,-0.483486211,-0.134716439
ILMN_1682567,0.163083859,0.002177834,0.373907808,0.600231793,0.094372227
ILMN_1794266,0.299102811,-0.046849448,-0.01579409,0.379301154,0.218522719
ILMN_1676765,0.247702911,-0.015596581,0.095562653,0.386979129,-0.120808514
ILMN_1759297,0.255357896,0.036049369,0.099570572,0.472701897,0.072274702
ILMN_1769014,0.315423362,0.05161045,0.047255181,0.442588771,0.17372878
ILMN_1763365,-0.128946171,0.060129877,0.030816661,-0.334521794,-0.011815495
ILMN_1668228,0.359738239,0.098602155,-0.062154095,0.669046998,0.076488637
ILMN_2330243,-0.106533798,-0.094897396,-0.221095087,-0.388445713,-0.037810468
ILMN_1691731,-0.218212617,0.11754929,0.001185476,-0.397379765,-0.007624153
ILMN_2133996,0.203187963,0.126676312,-0.056528548,0.337095367,0.159229214
ILMN_3240740,0.122221328,0.124928249,0.123797234,0.385422615,0.063404466
ILMN_1685496,0.134052756,-0.119156846,0.018122136,0.518386424,0.08605236
ILMN_2376822,0.060862214,-0.165624788,-0.056375391,-0.597145384,0.087460612
ILMN_3284584,0.269634298,-0.087796018,0.064820024,0.509622135,-0.067802708
ILMN_2060115,0.174588452,0.199179707,0.23902983,0.528329591,0.185987931
ILMN_2093500,-0.014269903,0.20462347,0.339847939,0.396265745,0.014842194
ILMN_2173835,0.325237087,0.23191295,0.198502451,0.721685301,-0.587827367
ILMN_1797585,-0.078964476,0.138087747,0.132094195,0.43242092,-0.090735437
ILMN_1660732,0.097301712,0.086875718,0.021667534,0.402170548,0.041591948
ILMN_3243549,-0.354943927,0.055718162,-0.053840016,-0.426089836,-0.093415854
ILMN_1671486,-0.073958166,-0.002458823,-0.048405352,-0.607823247,-0.107604247
ILMN_1715607,0.141819099,0.26089967,0.111404047,0.47318397,0.223865213
ILMN_1712122,0.387238725,0.342618705,0.210498816,0.461296824,0.147439177
ILMN_2201966,-0.167466872,-0.243486396,-0.226144247,-0.352647814,0.02376369
ILMN_1670901,-0.149834135,0.078101477,-0.052262152,-0.381460471,-0.005040046
ILMN_1669553,-0.21907992,-0.066273905,-0.11626265,-0.385163231,-0.142615413
ILMN_1721978,-0.040160064,-0.16597522,0.052078334,-0.447858693,-0.092253235
ILMN_1782751,0.16966958,0.1397608,0.055992333,0.391110273,0.239687732
ILMN_1699022,0.016859116,-0.137638252,0.155755471,0.428383142,0.013512639
ILMN_3201480,-0.201052105,0.116513438,-0.013038744,-0.297515942,-0.109548442
ILMN_3241469,-0.055238205,-0.020062547,0.017601922,-0.455584253,-0.051647088
ILMN_1759818,0.158069535,0.173069288,0.336924027,0.548888068,0.065980345
ILMN_2370825,-0.083656085,0.174128987,0.285416599,0.41250901,0.10499968
ILMN_3199737,0.042692456,-0.113773272,0.10138156,0.376137931,-0.326446492
ILMN_2262288,0.218750488,0.249594807,0.135654304,0.581331587,-0.004407333
ILMN_2214910,0.141127138,-0.227858531,-0.060014746,0.391184461,0.063911795
ILMN_3308961,-0.574766988,-0.193359654,-0.802074697,-1.528209599,-0.730857526
ILMN_1747344,0.19210527,0.08172877,0.132754419,0.309780392,0.208279198
ILMN_2302118,-0.172837626,-0.104615474,-0.084019445,-0.613822649,-0.053408644
ILMN_1713369,-0.002570539,0.004194392,-0.113033005,0.543455682,0.020937735
ILMN_3244192,-0.306790479,0.013065473,-0.065537224,-0.370332904,-0.100211197
ILMN_1719518,0.057522119,0.112300336,0.106607296,0.401577263,0.2581011
ILMN_1680196,0.09375054,-0.098086018,0.011002634,0.479694171,0.048059998
ILMN_2206716,0.127991249,-0.240321082,-0.057358517,0.317428402,0.189115003
ILMN_1744822,-0.230380595,0.026842463,-0.031663181,-0.323984109,8.23313E-05
ILMN_1671318,0.273847214,-0.079927521,0.111617291,0.457131676,0.169382201
ILMN_1796179,0.217621449,0.33497034,0.256287815,-1.011175135,0.153443568
ILMN_2090949,-0.382432049,0.128749633,-0.105791681,-0.381975076,-0.20917362
ILMN_1716014,0.140197394,0.044093253,0.240501456,0.570494999,-0.438013831
ILMN_3219643,0.091113651,0.004466438,-0.096390666,0.469337635,0.029083546
ILMN_1787275,0.106848298,-0.196920648,0.000868402,0.455819412,-0.103340585
ILMN_1678961,0.112432613,-0.11338888,-0.105266928,0.54926339,0.146925789
ILMN_2134723,0.19098362,0.289382437,0.183653478,0.440623003,0.107922176
ILMN_1765021,-0.104824695,-0.065076503,-0.135362638,-0.342180155,0.063048432
ILMN_1810782,-0.094291551,-0.119037611,-0.107550388,-0.439367937,0.137700502
ILMN_1770732,-0.102622187,0.097346923,-0.180097809,-0.33548323,-0.013435124
ILMN_1737298,0.050185648,-0.147484941,0.034125931,0.4176765,0.083949435
ILMN_2348788,0.095411645,0.14302467,0.110538465,0.747063818,0.275442251
ILMN_1811272,-0.040577376,-0.012909331,0.000838766,0.429903528,-0.066935144
ILMN_1802096,-0.037757963,-0.134967464,0.167214215,-0.683607686,-0.186034971
ILMN_2185845,-0.037886938,-0.354539105,-0.01016431,-0.460160218,0.282164866
ILMN_2152131,-0.171511292,-0.215894228,-0.17453052,-0.360782552,0.003558207
ILMN_1659411,-0.115387138,-0.028582547,-0.129469753,-0.302483037,-0.03511197
ILMN_1678781,0.028376723,0.154950717,0.077542997,-0.371389176,0.035726232
ILMN_3301065,-0.212809156,0.094377106,0.005358469,-0.340896735,-0.369581928
ILMN_1802023,-0.158218742,-0.038989031,-0.169776952,-0.383516105,-0.114046574
ILMN_2073263,0.120653024,-0.128287349,0.023216638,0.460644707,-0.416850334
ILMN_1754990,-0.259076249,0.076655838,-0.015420515,-0.318359503,-0.034208007
ILMN_1669484,-0.063161175,-0.239084642,0.029866961,0.418648894,-0.002629853
ILMN_1694742,-0.239827662,0.051064297,-0.083451786,-0.312369338,0.065557964
ILMN_2175114,0.229874224,-0.037247089,-0.086748398,0.451821375,-0.081075884
ILMN_1710885,0.183811093,-0.001386635,0.138165483,0.368601048,0.062338598
ILMN_2354478,0.201334471,0.1158515,0.204749507,0.575530123,0.021423403
ILMN_2343310,0.077872761,0.132957119,0.187108069,0.468030624,0.129845616
ILMN_1712095,-0.312671775,-0.408055291,-0.09055533,-0.402547732,0.123040562
ILMN_1701875,-0.04651837,-0.195687613,-0.003613461,-0.334006858,-0.038911779
ILMN_2148290,-0.418869054,0.123582881,0.079884328,-0.453325272,0.04732839
ILMN_1690806,-0.10416837,-0.261030349,-0.115378065,-0.481543165,0.057550896
ILMN_2170353,-0.093759475,-0.280357774,-0.136467936,-0.571675442,-0.213963013
ILMN_1759872,-0.348127334,-0.080789674,-0.004169252,-0.397441652,0.106234426
ILMN_2270299,-0.279674624,0.043920223,-0.238250535,-0.546124433,-0.54491245
ILMN_2087060,0.061965483,-0.115375181,-0.029262391,0.302199225,0.0210354
ILMN_3195372,-0.269993999,-0.066757038,-0.142160349,-0.601491531,-0.212102259
ILMN_1778560,0.37215528,0.217253934,0.113069711,0.570773589,0.316287956
ILMN_2178244,0.356093308,0.007751105,0.09646384,0.524393896,0.22084348
ILMN_1677684,-0.156975206,0.050908285,0.051733694,0.69565142,-0.13050049
ILMN_2123567,-0.052738484,0.084718181,-0.037743435,-0.361185235,-0.129268657
ILMN_1780368,0.116302941,0.16381408,0.165719919,0.375164937,0.030300285
ILMN_1806456,-0.103030935,-0.137987563,-0.004573891,-0.407183135,0.062512796
ILMN_1775579,-0.173091945,-0.121933806,-0.023119325,-0.367442956,-0.092443101
ILMN_2410612,-0.032176889,-0.007022893,-0.043222619,0.428597401,0.028855823
ILMN_1694603,-0.119038958,-0.066150599,0.116428623,0.364723859,-0.074185772
ILMN_1654385,0.131525251,0.049868607,0.03008012,0.528962673,0.035937486
ILMN_1693538,-0.038799932,-0.212498049,-0.013699285,0.45119402,0.092857064
ILMN_1684929,-0.07922498,0.124323066,0.173357291,-0.537814534,-0.198752197
ILMN_3238560,-0.130256474,-0.129517246,-0.028503154,-0.366005641,0.078973132
ILMN_1696956,-0.05585288,0.021364322,-0.105957336,-0.351227534,0.025162932
ILMN_3284366,-0.306315588,0.072316597,-0.00640622,-0.410159438,0.024639105
ILMN_2163540,0.297763578,-0.021219858,0.068943649,0.358353441,0.057891161
ILMN_1682038,0.060720053,0.329477075,0.148797702,0.371824267,0.076773659
ILMN_1658333,-0.170799229,-0.328572265,-0.392099603,-0.723397698,0.108615475
ILMN_3241051,-0.071036147,-0.008489062,0.104906821,0.347468742,-0.084970483
ILMN_1785161,-0.09074929,-0.000817682,-0.008114315,-0.340936604,-0.047666408
ILMN_2077130,-0.347857418,0.023094417,-0.14261027,-0.364604065,-0.183491186
ILMN_2207533,-0.293892718,-0.058934604,-0.041298029,-0.318071379,0.037538016
ILMN_2319424,-0.214214819,-0.241720497,0.028360289,-0.389370645,-0.0765002
ILMN_1656560,0.017737706,0.045311988,-0.038122861,0.668851757,0.167080234
ILMN_1675848,-0.020829014,-0.25335513,-0.447112059,-0.782528107,-0.0210819
ILMN_1718297,-0.039140868,0.054788246,0.08831312,0.338743953,-0.002506819
ILMN_1691048,0.069363196,-0.243948003,0.226623122,-0.495159189,0.201407046
ILMN_2398235,0.073024243,0.007061949,0.101698175,0.363240761,-0.111144739
ILMN_1766024,-0.256877819,0.072926912,0.015108815,-0.393876869,-0.167706375
ILMN_1661733,0.152964425,-0.079282932,0.423924304,0.653142812,0.228366645
ILMN_1692852,-0.078984745,0.070559334,-0.148137748,-0.354452186,-0.1850831
ILMN_1753449,0.040511716,0.067177947,-0.007656628,0.29325128,0.030061954
ILMN_1681260,-0.169061304,1.014809223,0.152537895,-1.118691188,-0.046486354
ILMN_1713143,-0.169487364,0.052491616,0.030600818,-0.331997596,-0.002885577
ILMN_1657612,0.133169622,0.064921922,-0.001544398,0.290716163,0.078946077
ILMN_2134538,0.308744702,0.275918297,0.31694653,0.705626054,-0.656386788
ILMN_2232463,0.014318298,0.711358869,0.311877292,-0.614360246,0.154528273
ILMN_2392189,-0.055977785,0.114918697,0.297337113,0.443384484,0.026668232
ILMN_1749447,0.139047306,0.080162215,-0.104733544,0.49977301,-0.033593645
ILMN_1672961,-0.088116829,-0.131036462,-0.206544806,0.422085878,0.006811294
ILMN_3235632,-0.333817057,-0.01580752,-0.088798242,-0.371589553,-0.152639709
ILMN_3212833,0.206034321,-0.04365735,-0.230143455,0.461741535,0.087236
ILMN_1732873,0.252083653,0.133801978,0.16691277,0.366342176,0.24214671
ILMN_1724139,0.050761963,0.041525253,0.256120166,0.400467982,0.013200428
ILMN_3206390,-0.372894976,0.013132081,0.035419683,-0.421024599,-0.066046809
ILMN_1679700,0.273721329,0.085549835,0.011785149,0.45293201,-0.327667864
ILMN_2368585,0.370513746,-0.121674936,0.03550916,0.561307815,0.045153285
ILMN_1684726,0.244441141,0.004229051,0.21296973,0.347251304,0.092419954
ILMN_1680996,-0.144536344,-0.257367068,0.226453344,0.569207882,0.073739204
ILMN_1765696,-0.414909709,0.076410606,0.012079793,-0.445213495,0.024267652
ILMN_1714861,-0.028710893,-0.502756593,-0.244400677,-0.644183387,-0.118499257
ILMN_1662174,-0.21862844,0.036588705,-0.142132139,-0.36284874,0.040408728
ILMN_1794505,-0.308997969,0.003653507,0.079282789,-0.545429157,-0.028771861
ILMN_1709541,-0.081249096,-0.124268686,0.102995457,0.453967907,0.003906254
ILMN_1711156,-0.306173764,-0.079483143,0.009480893,-0.391487528,-0.036902269
ILMN_1660292,-0.011675494,0.111858093,-0.043839149,0.316802625,0.135645272
ILMN_2344298,-0.081009274,0.024836995,0.062883178,0.376606752,0.202553085
ILMN_1737163,-0.069153265,-0.381590931,-0.188464042,-0.298326491,0.217830271
ILMN_2154157,0.174658345,0.20158613,0.073041063,0.347414617,0.175145673
ILMN_1803652,0.185986734,0.210845083,0.052872426,0.298421655,0.104673838
ILMN_3240226,0.005277793,0.049090077,0.093627329,0.353546099,-0.044422909
ILMN_2130514,0.004717448,0.191516691,0.151191614,0.319102663,0.020556753
ILMN_1683755,-0.073706523,-0.224110877,-0.124051343,-0.343721069,0.123947902
ILMN_3227732,0.134521033,-0.250911509,-0.137558853,0.329394283,0.197527217
ILMN_1761519,0.087720968,-0.137000999,0.01644795,0.342701867,0.081616516
ILMN_1683405,0.043878706,0.135152784,0.111362072,0.514339419,0.054775296
ILMN_2406035,0.090156856,-0.035770472,-0.02830973,-0.569767059,0.14200462
ILMN_1756779,-0.014276373,0.220172522,0.05198848,-0.39920558,-0.586997634
ILMN_1741176,-0.095433783,0.154089771,0.124847307,-0.542953955,-0.037538754
ILMN_1754476,0.184865183,0.419632978,0.237167056,0.4289186,0.24861854
ILMN_1766405,0.042752685,-0.090438272,0.263418105,0.465240525,0.013016685
ILMN_1658369,-0.282674773,-0.130266356,-0.270474417,-0.301505733,-0.24918657
ILMN_2175764,0.14637566,0.020687857,-0.011173813,0.366086613,0.118526355
ILMN_1802808,-0.072440955,-0.131994062,-0.069178421,0.403624315,0.016298973
ILMN_1710482,0.026407548,0.045345161,0.248808831,0.534005927,0.033426811
ILMN_1719938,0.168515339,0.053314897,0.089447761,0.516126114,0.165047231
ILMN_1652230,-0.316544352,0.059581378,-0.062497188,-0.284636465,-0.053383482
ILMN_2320906,0.158292491,0.168979292,0.417422865,0.412499129,-0.388049183
ILMN_1685005,-0.1837212,-0.268877138,-0.260424665,-0.361860635,-0.053680536
ILMN_2393712,0.131578692,0.165640771,0.250614133,0.591113556,0.018091472
ILMN_1801216,-0.080727466,-0.005264629,-0.069446656,-0.444260099,0.035386645
ILMN_1657708,-0.044284062,-0.113691348,0.144898313,-0.351460733,0.020453685
ILMN_2380163,0.000724969,-0.247189998,0.099516664,0.406787325,-0.045559782
ILMN_3243381,0.055905602,-0.042695917,0.040218006,0.401552562,0.200791256
ILMN_2262444,0.08416826,0.028461251,0.112062883,0.50326302,0.175645653
ILMN_1775566,0.019979637,-0.037638502,-0.004775147,0.356719578,0.059433996
ILMN_1676005,-0.1174617,-0.001432626,-0.104265095,-0.364738361,-0.192657619
ILMN_1772796,-0.156835245,0.120555325,-0.12339272,-0.441351407,-0.203084855
ILMN_1755138,0.150466441,0.087532923,0.23837988,0.386489558,0.131249037
ILMN_1815666,-0.17501966,-0.227370496,-0.154670281,-0.411859521,0.031102204
ILMN_3257030,0.267226497,0.299629677,0.191516127,0.598210308,-0.644010653
ILMN_1787576,0.162512161,0.057135056,0.135219204,0.318415813,0.110155767
ILMN_1746525,0.432096705,0.209969415,0.299237,0.47364725,-0.45674337
ILMN_2161286,0.243378658,0.145189843,0.247962303,0.603588813,-0.120950868
ILMN_2346339,0.248994206,-0.124632463,0.373131992,0.743464468,0.226548686
ILMN_1775036,-0.141859374,0.290381661,0.107936374,-0.333409436,0.073557236
ILMN_1765880,-0.210271467,-0.043419993,-0.104032557,-0.356402605,-0.030666539
ILMN_1657495,0.045233357,-0.17789879,-0.053729276,0.354230094,0.276654103
ILMN_2298365,-0.117523443,-0.062714858,-0.012531852,-0.354607325,-0.313282012
ILMN_1738243,-0.283066683,0.024842947,-0.097080296,-0.273206137,-0.110203102
ILMN_1748303,0.456739564,-0.355283223,0.052170103,-1.425723403,-0.167465422
ILMN_1682139,-0.164772748,-0.10984449,-0.078123666,-0.369418374,-0.010148259
ILMN_1694587,0.223003504,0.080772817,0.00480043,0.353699538,0.067518874
ILMN_1808249,0.224362131,0.091453225,0.204287966,0.652097593,0.5280433
ILMN_1721963,0.373727038,0.072944796,0.030597185,0.44632622,0.170234275
ILMN_2087528,-0.013194429,0.085523521,0.096680294,0.256663497,0.040814735
ILMN_1758146,-0.017898037,0.171325641,-0.222773604,0.87525511,0.20652612
ILMN_3202483,-0.427073524,0.038384725,-0.035665158,-0.459561239,-0.053742711
ILMN_1686562,0.001355597,-0.225512513,-0.075226051,0.322101414,0.082414507
ILMN_1806667,-0.050728233,-0.180112007,-0.094529197,0.406054311,0.238258862
ILMN_1761790,-0.108291673,0.083446164,-0.036187616,-0.328361192,-0.150904238
ILMN_1785646,-0.071170206,-0.580345127,0.269206739,0.913272492,0.322518199
ILMN_1665660,0.186870931,-0.021457747,0.14293003,0.290109862,0.175311663
ILMN_2137464,-0.227443121,0.045277549,0.042092517,-0.396125161,0.052771892
ILMN_3247325,-0.112026737,0.184274407,-0.083762974,-0.468866722,-0.170588446
ILMN_1688480,0.061338615,-0.172660502,0.144868822,0.654280197,-0.151476799
ILMN_3237241,-0.144426957,-0.022619508,-0.04900598,-0.340242829,0.073872454
ILMN_2387090,-0.095510952,0.149807053,0.068570115,-0.369339842,0.059659889
ILMN_1690802,0.071152003,-0.081576293,0.11634996,0.374907758,-0.029841592
ILMN_2378708,-0.153102111,-0.369876221,-0.3824756,-0.319233528,0.249002673
ILMN_1763524,0.186931823,0.010907128,-0.065081381,0.352658433,0.079556817
ILMN_2058337,-0.383783908,0.101092115,-0.026000328,-0.358840997,-0.158030152
ILMN_1764500,-0.07164729,0.104130311,0.237079973,0.370146578,0.210306164
ILMN_1651705,0.141468306,0.011980019,0.237824481,0.483116511,0.128126087
ILMN_1661500,-0.101075479,-0.060442402,0.125254322,-0.377090351,0.016626258
ILMN_2054362,-0.168756457,-0.244165687,-0.194069659,-0.359007737,-0.312099061
ILMN_1745242,-0.16064891,0.019007751,0.069331036,-0.434047456,0.222589519
ILMN_1653203,0.228500272,0.013874904,0.030743269,0.390628184,-0.028031985
ILMN_1737036,0.373720625,0.028140466,0.149295178,0.38358689,0.014477885
ILMN_1782142,0.222427488,0.042900549,0.083047537,0.326944315,0.197934243
ILMN_2150802,0.097012447,0.043830688,0.134624861,0.299393602,-0.106574494
ILMN_1805345,-0.116505433,-0.27333779,-0.164705785,-0.412464947,0.110642931
ILMN_1733364,0.306713461,0.141980711,0.107523188,0.352666611,0.004445161
ILMN_1745214,0.012815579,0.096660593,-0.070677825,-0.50280676,-0.660510032
ILMN_1683678,0.141110734,-0.088685592,-0.024446788,0.38278537,0.141989213
ILMN_1749789,0.135002876,0.070589345,0.095256758,0.293486082,0.105025907
ILMN_1702837,-0.129305154,-0.196080933,-0.126487462,-0.3455937,0.126628374
ILMN_3203666,0.24913795,0.240283976,0.088751591,0.363195245,0.06331034
ILMN_1693210,-0.210997102,0.124853205,-0.117352075,-0.291966382,0.007979991
ILMN_1664610,-0.257640103,0.049695782,0.030647674,-0.296637129,-0.112676633
ILMN_2357682,0.280114476,0.249360104,0.100579164,0.328629476,0.074024373
ILMN_1712708,-0.000390154,0.226325646,-0.199438501,-0.448334334,0.012989416
ILMN_1685415,-0.084190049,-0.108338632,0.010686174,-0.334916247,-0.245405354
ILMN_2372974,0.187167902,0.090877612,-0.194044809,0.606354981,0.108165068
ILMN_1801795,0.165557214,0.015397993,0.038733855,0.403979472,0.053833043
ILMN_1679796,-0.007070076,0.107070355,0.051132188,0.354063033,0.077546172
ILMN_2145518,-0.150323805,0.077648298,0.218136783,0.378463076,0.039676085
ILMN_3212284,0.114499263,-0.02804345,0.234354756,0.508673674,-0.294437911
ILMN_1736974,0.086644015,-0.151847613,0.107603144,0.316194979,0.055614509
ILMN_2333670,0.428184111,0.242143763,0.739768524,0.801798514,0.605320022
ILMN_1781431,0.1781323,-0.111585706,0.189833076,0.404591405,0.088297138
ILMN_1704579,-0.038220498,0.414267887,0.173512008,0.478071893,-0.15342382
ILMN_1799367,0.083395988,0.211515304,0.17056409,0.470712904,0.202026185
ILMN_1723092,-0.110515161,0.016088376,-0.224926349,-0.509259395,0.025605686
ILMN_2382648,0.110879816,0.06301091,0.028896398,0.284134309,0.056562959
ILMN_2090351,-0.167768229,-0.024195919,-0.179660706,-0.435728361,0.00380229
ILMN_1655137,0.002230957,-0.112906494,-0.026723264,0.289205256,-0.052973386
ILMN_1811063,-0.015212884,-0.065059209,-0.001780164,0.29907681,-0.09951973
ILMN_2185022,0.473078478,0.224754245,0.128286912,0.479281921,0.168686237
ILMN_2302716,0.128056155,0.051861825,0.20063684,0.428339127,0.194340087
ILMN_3237839,-0.32586521,0.104812044,0.018461588,-0.373325242,-0.108899219
ILMN_1745573,-0.056368982,0.004056879,-0.069535189,0.294966015,0.089264206
ILMN_2180606,0.079767422,0.13466255,0.048903092,-0.442417954,-0.577362739
ILMN_3283090,0.18817087,0.100380854,0.20515402,0.393107117,-0.123124006
ILMN_1900734,0.084844033,-0.046196358,-0.149642984,-0.527185961,0.037264671
ILMN_2155480,-0.22503679,-0.158218252,0.038365139,-0.381981372,-0.040470332
ILMN_1669928,-0.082202046,0.041459323,-0.077814978,-0.305639036,0.042898594
ILMN_1760209,0.109955046,-0.087692447,0.09809277,0.355763414,-0.104007016
ILMN_1697469,0.034915719,0.005996961,0.137201888,0.444550442,0.153740981
ILMN_1654612,0.0406795,0.146297211,0.084402717,0.438372443,-0.086173296
ILMN_3266128,0.163695646,-0.07476398,0.058925143,0.283591275,0.126588376
ILMN_1660832,0.194256364,0.0057758,0.014385231,0.331557983,-0.077485923
ILMN_1749875,-0.004377135,0.195291769,-0.081666179,-0.41881973,0.02344405
ILMN_2112829,0.234177966,0.199947211,0.108294758,0.375699821,0.198431916
ILMN_1711886,-0.048949168,0.051319033,0.054717545,-0.299865848,0.136443036
ILMN_2121189,0.240013333,0.129403033,0.023297555,0.491449664,-0.276678533
ILMN_2354237,0.247002197,0.196923678,0.094257573,0.399562928,0.054016826
ILMN_1659058,-0.045725817,-0.015163134,-0.072071285,0.323116026,0.072274489
ILMN_2389273,-0.113341441,0.064422492,0.072443991,-0.369017714,0.060652188
ILMN_2193325,0.281957146,-0.192607907,0.046357531,0.377740635,0.044864216
ILMN_1737396,-0.196711615,-0.044976571,-0.136220998,-0.369135678,-0.222971111
ILMN_1732750,0.219878804,0.283388426,0.265845644,0.418758829,0.13811804
ILMN_1661342,0.202259318,0.141018307,-0.005096029,0.333550043,-0.015250303
ILMN_1769517,0.015325138,0.037409439,0.004479657,0.360500834,0.040413284
ILMN_1665148,-0.006292942,0.026623186,-0.064173122,0.353110344,0.034999809
ILMN_2304996,0.278805896,0.080874623,0.005512563,0.386695525,0.105112267
ILMN_1754220,-0.07361803,0.033653476,-0.165220102,-0.36858776,-0.103638483
ILMN_1659913,-0.152859168,0.258519272,0.126969169,-0.479171248,0.10800438
ILMN_1793367,-0.002007168,-0.396350535,-0.158710411,-0.417985396,0.224773695
ILMN_1803615,0.01455159,0.116452151,0.155861583,0.367725534,0.156270675
ILMN_1750961,0.023251905,-0.332714141,0.379872933,0.539697227,0.065350047
ILMN_3227315,0.245669512,0.058347461,0.163789086,0.565644004,-0.699409766
ILMN_1803408,0.060157704,-0.14719364,-0.260423406,-0.358436853,-0.030672247
ILMN_3303612,0.056980283,-0.009368356,0.149789614,0.367571069,0.156002365
ILMN_1707804,0.019347675,-0.134816018,-0.164355782,-0.354459473,-0.030686601
ILMN_3216336,0.132258605,-0.15492849,-0.075224796,0.312435246,-0.323089909
ILMN_1726698,0.121993388,0.182630298,0.004101329,0.261851049,0.041575726
ILMN_1805526,-0.411561575,-0.665474464,0.598812075,1.491133501,0.243201002
ILMN_1708025,0.305100674,-0.035178617,0.165627005,0.460688407,0.023010438
ILMN_1788211,0.076643224,-0.121364609,0.129560517,0.846716456,-0.02851213
ILMN_1784380,-0.404832279,0.137301722,-0.005937241,-0.391612656,-0.144709921
ILMN_1664718,0.095905486,-0.215295755,-0.086937614,-0.471968397,-0.583548583
ILMN_1674302,0.022987326,0.158815925,0.111650539,0.299264544,0.131791999
ILMN_2166831,0.08489437,-0.031144049,-0.15654727,0.379826088,0.034085578
ILMN_1878459,-0.206070293,0.030073235,0.051583833,-0.299598528,0.017808101
ILMN_1768640,0.179879107,0.110385792,0.275811949,0.376068611,-0.026033194
ILMN_1672728,-0.19929273,0.125267335,0.064349047,-0.296172392,-0.011955748
ILMN_1711627,-0.012589955,0.036643832,0.031373246,-0.290444409,0.074826091
ILMN_1751028,-0.015605426,-0.17463942,0.197100131,0.449924579,0.169938829
ILMN_3211132,0.326901271,0.075231869,-0.202813217,0.482773446,-0.130839
ILMN_1695631,0.265983306,0.103883315,0.231698422,0.261576126,0.103078192
ILMN_1758034,-0.081567711,0.063466473,0.044766556,-0.30611614,0.18331926
ILMN_3201365,0.624842271,0.475734513,0.43716509,0.555555762,-0.017320527
ILMN_1737689,-0.173089487,-0.077198501,-0.077554476,-0.323165387,-0.088360869
ILMN_1808501,-0.013033621,-0.088472253,-0.122956484,-0.415452681,0.210969957
ILMN_2334080,0.012690629,-0.027228636,0.190317393,0.340700789,0.058396232
ILMN_1657884,-0.177654093,-0.092270531,-0.132979177,-0.398866947,-0.171960523
ILMN_1729775,-0.100344919,0.126390167,0.034145171,-0.306231706,-0.109478437
ILMN_1748123,-0.148472096,-0.090999683,0.065977618,-0.341313494,-0.145299369
ILMN_2232494,0.337110785,-0.049507865,0.166714372,0.298591855,0.083386547
ILMN_1771627,-0.21843511,-0.181503143,0.033263871,-0.485037993,0.048890028
ILMN_3208330,-0.15900356,-0.050144311,0.038526095,-0.347372361,0.013721346
ILMN_3249230,-0.291137593,0.001541886,0.09589414,-0.391711518,-0.026613251
ILMN_2069745,0.345329435,-0.185324377,0.128981304,0.367397839,0.01973983
ILMN_3301468,-0.423394527,0.028836589,-0.000668895,-0.402693605,-0.009756661
ILMN_1755075,-0.007252493,-0.203118787,-0.0948741,-0.312921861,-0.214285779
ILMN_3272996,-0.208741032,0.046553999,-0.020989205,-0.256078572,-0.123769625
ILMN_3262025,-0.114264251,-0.062143925,0.160543398,0.342857248,0.03776679
ILMN_1726230,-0.112537203,0.194002666,0.086881412,-0.34633074,-0.111829832
ILMN_2160210,0.171089972,-0.122576372,-0.07289363,0.29568143,0.174498361
ILMN_1763091,-0.181365057,-0.097328753,-0.025152553,-0.333578503,-0.057290978
ILMN_2081087,0.232777539,0.058809675,0.177891038,0.333215183,0.078261108
ILMN_1727287,0.185065196,0.114488969,0.043119011,0.305891008,-0.015387304
ILMN_1781285,0.094089972,0.099865868,-0.128564678,-0.694396772,0.88310291
ILMN_1720438,-0.206257659,0.032474596,-0.057915421,-0.284718105,0.067056281
ILMN_1791827,-0.145911035,-0.009599029,-0.138358894,-0.339157252,-0.011946851
ILMN_1681590,0.20739127,0.122822347,-0.045890837,0.36794011,0.248823225
ILMN_1668822,0.252661223,0.15594901,0.100864627,0.400110265,0.098806112
ILMN_3225211,0.191354844,0.095962992,-0.01993064,0.403384105,-0.053947235
ILMN_2346358,0.33821822,0.152691188,0.114101532,0.440698155,0.0791912
ILMN_2186678,0.058365465,-0.032661057,0.009413388,0.00313568,-0.714971647
ILMN_3302456,0.04512216,0.024647814,0.210624901,0.366721002,-0.958632327
ILMN_1761801,0.130186301,0.050605506,0.102124836,-0.156342805,-0.695602507
ILMN_3274351,-0.01461121,-0.102975414,-0.065808561,-0.028667409,-0.709809585
ILMN_3200539,0.153133606,0.004716003,-0.098270414,0.224383257,-1.073566995
ILMN_3201663,0.102742947,-0.149450653,-0.247151982,-0.122473266,-1.044688642
ILMN_2229170,0.080054629,0.02576066,0.001178371,0.144771654,-0.718534246
ILMN_1683129,-0.03542536,0.105291528,-0.010010373,-0.229739619,-0.632950056
ILMN_1679450,0.169039324,0.067827619,-0.189576609,-0.096277461,-0.689468863
ILMN_1795243,-0.028164685,-0.117560848,-0.120466937,0.039989447,-0.623937191
ILMN_3214532,0.16336004,0.009532542,-0.008663685,0.177765807,-0.642583345
ILMN_1689725,0.309804522,-0.158777293,0.040655099,0.404505831,-0.987572187
ILMN_2046024,0.085588117,0.072696157,-0.102874434,-0.23795077,-0.607509423
ILMN_3206132,0.068225365,-0.20100762,-0.046750487,0.063094451,-0.898285966
ILMN_2062524,0.025021984,-0.097162476,0.055591931,0.173291412,-0.702342316
ILMN_2379788,-0.119104637,0.045908302,-0.042405655,-0.173497189,-0.781892495
ILMN_3289352,0.074473332,-0.128751048,-0.141372424,-0.206777295,-1.022889387
ILMN_1759954,0.229319866,-0.207335648,-0.257919286,-0.177785327,-1.161582818
ILMN_3267017,0.022491317,-0.04009721,-0.01550873,-0.109768074,-0.817416573
ILMN_3285153,0.035157384,-0.214528652,-0.270299004,-0.204210879,-0.809180715
ILMN_2050761,-0.052522421,0.056799625,-0.098509662,-0.059249374,-0.684535576
ILMN_3191030,0.017681837,-0.041937955,-0.113983998,-0.136299582,-0.628858561
ILMN_3213692,-0.040386402,-0.000261672,-0.127623971,-0.023912374,-1.076915255
ILMN_1679025,0.022101564,-0.004216471,0.053410763,0.17749295,-0.97382237
ILMN_1708160,-0.053987709,-0.170865925,-0.127359949,-0.181282964,-0.810902816
ILMN_3234547,0.014312387,-0.050583843,-0.17262177,0.074427138,-0.682752129
ILMN_3199929,0.061803751,-0.05332029,-0.11517372,0.007584885,-0.920468479
ILMN_2181241,0.10363652,-0.134532992,-0.014715827,0.266690726,-0.769293063
ILMN_1803742,0.092403207,-0.360452434,-0.069456988,-0.233101612,-0.985232131
ILMN_2195914,0.018175048,-0.023781371,-0.11234842,-0.174993154,-0.795016852
ILMN_3235647,0.366627104,0.187341684,0.176261144,-0.190817646,0.654199276
ILMN_3284177,-0.098744104,-0.394975766,-0.352272703,-0.281887278,-0.637172646
ILMN_1770293,0.028787069,0.051567898,0.027700584,-0.170148842,-0.897982821
ILMN_2101928,-0.043071292,-0.04646997,-0.179114444,-0.088549733,-0.690195811
ILMN_2400297,-0.055281084,-0.099427739,-0.107935701,-0.153723485,-0.55034572
ILMN_1700880,-0.048689425,-0.391347759,-0.19688537,-0.230909016,-0.443287405
ILMN_2178618,-0.081823228,-0.109888388,-0.013781951,-0.023283223,-0.507837505
ILMN_3280496,0.086605678,-0.06884741,-0.053546674,-0.111125175,-0.794088577
ILMN_2112460,0.11205621,0.0531348,-0.066927256,-0.05021016,-0.771948828
ILMN_2224103,0.067762185,0.054728153,-0.024707803,0.103908811,-0.544638991
ILMN_3225121,0.155271386,-0.12816194,-0.066183053,0.182663202,-0.756870653
ILMN_3305397,0.111819605,0.030392855,-0.011504052,0.252438701,-1.006336566
ILMN_1690894,0.085051153,-0.053966316,-0.05072691,-0.004103904,-0.62716432
ILMN_1768582,-0.000100982,-0.138003467,-0.099894701,-0.221085405,-0.686456283
ILMN_2183216,0.051426139,0.005335959,-0.099440061,-0.037908231,-0.807745008
ILMN_1724699,-0.072451487,-0.022476083,0.113330359,0.061729402,-0.822800808
ILMN_1685378,0.136393771,0.017165223,-0.017173173,0.135448281,-0.505188485
ILMN_2205350,0.011641447,0.064533182,0.015945043,-0.020066218,-0.614902865
ILMN_1781251,0.036873624,0.062795882,0.02744094,-0.044082479,-0.526610044
ILMN_3236904,0.012599104,-0.215995138,0.01494834,-0.136400691,-0.833828574
ILMN_2361427,0.013295465,0.066737221,0.018336844,-0.066900176,-0.604011244
ILMN_3282587,0.189805824,-0.22438985,-0.021276004,-0.077073543,-0.908468143
ILMN_3304003,0.256441304,-0.058133436,-0.044567289,0.249999635,-0.84361149
ILMN_2198408,0.089688386,0.04456221,0.025740222,-0.032165151,-0.664742887
ILMN_2342033,0.080976103,-0.132788771,-0.021833031,-0.040602618,-0.582268683
ILMN_3307777,0.098433441,0.156732448,0.211090524,0.148906928,0.880525763
ILMN_2183885,0.044132974,-0.129758451,-0.07927385,-0.179180628,-0.681147302
ILMN_3192316,0.165862004,0.217120056,-0.048407332,-0.118916808,-0.572266728
ILMN_3199896,-0.033955895,0.053432087,-0.095041551,-0.260464569,-0.523458934
ILMN_2246083,0.069191387,0.033685477,-0.054625447,0.03822447,-0.844582074
ILMN_1744611,-0.012922835,0.176839476,-0.070242082,-0.089072222,-0.646010891
ILMN_1782488,0.187841224,0.312904549,-0.022107439,-0.05150995,-0.58591285
ILMN_3241834,0.172634872,0.005102788,0.145304671,0.399413068,-0.813591985
ILMN_2222750,-0.035018748,-0.098122209,-0.141127716,0.016952801,-0.452743754
ILMN_3211887,0.080329709,-0.115988125,-0.134712403,-0.042981477,-0.989988856
ILMN_1757084,-0.026157249,-0.163713498,0.096679776,-0.058484456,-0.555710292
ILMN_1679587,0.213267215,0.057913985,0.031893735,0.196803928,-0.608339982
ILMN_3275345,0.053708543,-0.036609458,-0.124516837,-0.00695617,-0.563914647
ILMN_1761474,-0.0603302,0.045833674,0.033118204,-0.1129576,-0.528132164
ILMN_2135232,0.033674129,-0.050481293,-0.014654057,-0.104277838,-0.651787216
ILMN_3209194,0.064301782,-0.295781899,-0.012118085,0.087523165,-0.462991359
ILMN_3271122,0.192731647,0.027712818,-0.035243363,0.134203746,-0.663118443
ILMN_2408415,-0.027029947,-0.097393171,-0.274388958,-0.034215462,-0.800965718
ILMN_2275502,-0.045895244,-0.225082034,0.048606268,-0.260497228,-0.654068563
ILMN_1785785,0.016793792,-0.118481162,0.013134166,0.057573658,-0.434041122
ILMN_3305993,0.166953773,-0.138499837,-0.089903029,-0.03655636,-0.524140412
ILMN_1791186,-0.077304324,-0.371862596,-0.017501348,-0.174363305,-0.525118332
ILMN_3302896,-0.025974407,-0.118984745,0.054927302,0.299421604,-0.539970456
ILMN_1751607,0.14262272,-0.414120516,0.343050686,0.10844128,1.444159861
ILMN_1657790,0.141356236,0.052390959,-0.037947278,0.008476045,-0.815328456
ILMN_1792138,0.039458919,-0.083831604,0.04834632,0.082209114,-0.766436326
ILMN_1700975,0.200325946,-0.125752088,0.124725212,0.288897096,-0.538557767
ILMN_1719870,-0.144036122,-0.183915849,-0.164384794,-0.202829719,-0.58932153
ILMN_2160209,0.052156534,-0.318707714,-0.096907445,0.013908968,-0.639174209
ILMN_2110829,-0.046451492,-0.035823988,-0.162684195,-0.262245536,-0.628436901
ILMN_3199974,0.01276163,-0.236465851,-0.084760251,0.153888154,-0.672490258
ILMN_1769636,-0.072084889,-0.043492609,-0.06182105,-0.068985501,-0.572660871
ILMN_1665823,0.008566555,-0.037217261,-0.248248525,-0.042720706,-0.712216311
ILMN_3297996,0.098809895,0.186198274,-0.042665755,0.034176724,-0.540623546
ILMN_2373556,-0.012326542,0.036517625,0.010397108,0.024249154,-0.58611598
ILMN_2215640,0.272498589,-0.032856648,-0.223898901,-0.101629848,-0.610475476
ILMN_1779852,0.003922468,0.279681887,0.068190657,0.081430638,-0.650217501
ILMN_2124757,0.02613505,-0.196936641,0.030053981,-0.020889635,-0.563234863
ILMN_2230592,0.077995864,0.002576833,0.147191965,-0.125256713,-0.53784101
ILMN_3288268,-0.04565834,-0.07501416,-0.030184233,0.113746416,-0.63612153
ILMN_1726460,0.156814647,0.172856825,-0.077259147,0.388547387,-0.600759877
ILMN_1713752,-0.052745012,-0.126742748,-0.048582731,-0.099818818,-0.550227038
ILMN_2371590,-0.130091877,-0.218015791,-0.111409741,-0.113702408,-0.603623073
ILMN_1785107,-0.107004993,-0.005974815,-0.137309795,-0.296157759,-0.471441707
ILMN_1791466,-0.076787698,-0.024909127,-0.117286272,-0.194355125,-0.766620907
ILMN_1717639,0.381581757,0.216282605,0.31542065,-0.146885534,0.571497711
ILMN_1651699,-0.127137893,0.03134612,-0.045183159,-0.340891246,-0.553667512
ILMN_3275447,-0.090264307,-0.052116695,-0.106041746,0.038950376,-0.410298516
ILMN_3224907,-0.02865019,-0.083407821,-0.123696578,-0.16289908,-0.494522213
ILMN_1669715,0.071687308,-0.097303998,-0.166301659,-0.012100843,-0.371925558
ILMN_3270542,0.045111765,0.106748856,-0.005496792,0.055061243,-0.615521999
ILMN_3250345,0.069809624,0.082567009,-0.002187451,-0.100643598,-0.474719791
ILMN_3234116,-0.119481953,-0.244297819,-0.149044471,-0.047809793,-0.628491167
ILMN_2219712,0.066600751,0.139413761,-0.076701019,-0.199132319,-0.663739673
ILMN_2405023,-0.070676144,-0.191611819,0.005555059,-0.210083963,-0.50024996
ILMN_1695370,-0.108822408,0.115140505,0.024901226,0.027325267,-0.585356683
ILMN_2118910,0.019104594,-0.027486992,0.027866717,-0.008322874,-0.597366336
ILMN_3199755,0.149032233,-0.126639716,-0.060485114,-0.072155186,-0.572689826
ILMN_3227563,-0.151296617,-0.174816369,-0.045261224,0.096388559,-0.63342446
ILMN_1676792,0.08437411,-0.089464502,0.001163386,0.243958172,-0.466835264
ILMN_2096083,-0.129501829,-0.050821595,-0.038640559,0.017400515,-0.604364166
ILMN_3266944,0.123887689,-0.148645346,-0.10740883,0.237102271,-0.636960701
ILMN_3290100,0.215782974,0.105877245,0.149796171,0.290717423,-0.636915678
ILMN_2128358,0.201771851,0.042735825,0.162669051,0.223472482,-0.442054671
ILMN_3231881,0.167447016,-0.185926963,-0.023418031,0.154320625,-0.918133108
ILMN_2058347,0.175148809,0.068066403,-0.042528483,-0.020353441,-0.581331741
ILMN_3211463,0.036400767,0.081371828,0.01183983,0.086321665,-0.697437189
ILMN_1737124,-0.118529869,-0.079730027,-0.02827725,-0.129921456,-0.370805666
ILMN_1826531,0.067540369,-0.171026795,-0.071701152,0.04511533,0.592966558
ILMN_1762808,0.14544013,0.035879673,-0.079462899,0.033749821,-0.63160372
ILMN_1882185,0.193060099,0.175855435,0.186766899,0.069134939,0.393013443
ILMN_3280943,0.070072997,0.001307674,0.087041489,0.310305823,-0.565245637
ILMN_1738150,0.180310938,-0.114260764,-0.033783288,0.003609162,-0.64820103
ILMN_2157709,-0.031555814,0.123291224,0.002355007,-0.095826139,-0.573443349
ILMN_3285410,0.012709569,-0.000792625,-0.073154349,-0.130065304,-0.528670931
ILMN_3304203,-0.04418771,-0.271081065,-0.141939648,-0.065655467,-0.714941415
ILMN_1745900,-0.024606364,-0.010799463,0.126811539,0.037421677,-0.516209491
ILMN_1781039,0.0036943,-0.053488172,0.00644614,-0.066546503,-0.648860832
ILMN_1703622,0.150692346,0.13700803,0.149265442,-0.0569545,-0.772904247
ILMN_2292387,0.001253751,-0.078578232,-0.146474871,-0.064628827,-0.729569462
ILMN_3205271,0.075609661,-0.094180257,-0.086512086,-0.066445476,-0.553971126
ILMN_2349831,-0.003026958,-0.020872471,-0.119761505,0.082892906,-0.556096076
ILMN_2122374,0.035605008,-0.091848931,-0.122002618,-0.021070429,-0.560031485
ILMN_3276019,0.052185063,-0.087296463,-0.121979621,0.170994646,-0.697070731
ILMN_2182120,-0.049867032,-0.039319575,-0.062326465,-0.129788712,-0.443173744
ILMN_1652209,0.06150044,-0.215368142,-0.100520197,-0.01951665,-0.536415204
ILMN_2372403,0.043866081,0.05601067,0.054569376,0.077403706,-0.4671892
ILMN_3291472,0.05754264,0.067608153,-0.113261694,-0.058948761,-0.651367924
ILMN_2221408,0.103954142,-0.231733537,0.079919275,-0.02905751,-0.548320382
ILMN_1720241,-0.075321945,-0.162220293,0.065427335,0.060802741,-0.377620202
ILMN_3182762,0.077735555,-0.027690538,-0.011936925,0.256187895,-0.612368472
ILMN_1732071,0.198818756,0.139584932,0.275191954,-0.069879508,0.435211203
ILMN_2230579,-0.096971334,-0.130451128,-0.067802907,-0.04089921,-0.477444223
ILMN_2334121,0.175542007,-0.084375696,0.054651002,0.056753428,-0.598206112
ILMN_1677262,0.142778502,0.125609122,0.019219302,0.095569476,-0.492811144
ILMN_1766247,0.013628555,-0.147891559,-0.031046456,-0.012328779,-0.490635981
ILMN_2204983,-0.031919114,-0.142883863,-0.125183999,-0.029252373,-0.507414279
ILMN_3279144,-0.021091303,0.167410491,0.046517067,0.048941901,-0.810893148
ILMN_3241118,0.071184959,-0.044429263,-0.141977309,0.092385076,-0.477029806
ILMN_3264543,-0.060602097,0.034911636,-0.032632961,0.193070066,-0.62432899
ILMN_1762134,0.135854375,-0.046324418,-0.099702968,-0.021366815,-0.418989795
ILMN_1665333,-0.025636119,-0.108458239,-0.045179817,-0.256631632,-0.489707827
ILMN_3178890,-0.052875293,0.049365339,0.073834592,0.255595733,-0.591182732
ILMN_2122669,0.203915047,-0.151868734,0.003216779,0.07711173,-0.438998994
ILMN_3226875,0.08523015,0.063368609,-0.010190777,0.035174557,-0.499270089
ILMN_2116556,0.094880475,0.038288556,0.095302503,-0.013917568,-0.662049199
ILMN_3235148,0.203996323,-0.016300531,0.000968318,0.161936034,-0.606916067
ILMN_3294222,0.377807945,0.216654037,-0.021315063,0.697162531,-0.846127451
ILMN_1785821,-0.051492654,0.01247584,-0.099010896,-0.085676118,-0.481568372
ILMN_3306752,0.132790878,-0.025934664,0.086324961,-0.107541263,-0.410292071
ILMN_3252936,0.312612357,-0.204059741,-0.266915683,0.038107352,-0.572930487
ILMN_1698100,0.026587446,-0.139176365,-0.119322685,-0.093945147,-0.793061283
ILMN_3192446,0.083502435,0.08780613,-0.022196702,-0.058596662,-0.640943972
ILMN_3274014,0.121115842,-0.047787297,-0.059036109,0.02772923,-0.437574444
ILMN_1750278,0.257543045,0.234018037,0.253673818,0.382249094,-0.553682526
ILMN_2113362,0.057935723,-0.062754694,-0.036424538,-0.031642437,-0.785978535
ILMN_1777139,-0.049545447,0.133016025,-0.003960943,-0.16821277,-0.343339533
ILMN_3242288,-0.034469746,-0.277822708,-0.327808895,-0.310237988,-0.682867535
ILMN_1734149,0.211403225,-0.006115554,0.004362455,0.388474158,-0.486299769
ILMN_1751760,-0.099287644,-0.06110194,-0.069597458,-0.205609143,-0.565548872
ILMN_1793831,0.178672674,0.236464524,0.044241272,0.247110028,0.530780548
ILMN_2045419,0.060773525,0.141478375,0.28757547,-0.140467287,-0.781489005
ILMN_3282395,-0.0679774,-0.166833423,-0.209792269,0.00185511,-0.774195124
ILMN_1768913,0.082475227,0.031417319,-0.033887468,0.010489341,-0.574625833
ILMN_1651617,-0.117728876,-0.023276007,0.05333812,0.075821134,-0.704664224
ILMN_1778691,-0.058479324,-0.080901124,0.011850233,-0.002769942,-0.473158632
ILMN_2054145,-0.036666699,0.228346456,-0.085394132,0.044034805,-0.427936934
ILMN_3234513,-0.078566206,-0.049494722,-0.096391947,-0.185108896,-0.449537067
ILMN_2136133,0.09240165,-0.134699146,-0.174370651,-0.349486098,-0.690122751
ILMN_2402936,0.033240881,-0.349842628,-0.180071656,0.087207796,-0.915838114
ILMN_1694877,-0.017897718,-0.457252755,0.005854805,0.021451866,-0.398306562
ILMN_2307744,-0.005496262,-0.270224992,-0.040083546,-0.033442812,-0.539120865
ILMN_3178252,-0.125306342,-0.14015826,-0.095906909,-0.300457472,-0.459897653
ILMN_1785661,-0.022372826,0.064895427,-0.049833393,0.070082661,-0.434351247
ILMN_1749868,-0.111548528,-0.333504421,-0.478581729,0.143401219,0.385647688
ILMN_1656292,0.117742919,0.052428107,-0.001823236,0.128604182,-0.431955392
ILMN_3235104,0.133004757,0.360850531,0.209670564,0.021066023,-0.340833694
ILMN_2385318,0.007414618,0.182691026,0.183470934,-0.124202432,-0.378979613
ILMN_1700847,0.065139855,0.028452967,-0.013469778,0.069710363,-0.419421472
ILMN_1671152,0.013316546,-0.108756715,0.085106891,-0.02438365,-0.623085678
ILMN_2379835,0.025338929,0.031581524,-0.049589845,-0.191203909,-0.708329705
ILMN_2194229,-0.050180891,-0.043209078,-0.076610488,-0.159916333,-0.505171009
ILMN_1796099,-0.032753858,-0.054101682,-0.170588878,-0.238425554,-0.579403502
ILMN_2365196,-0.055980565,-0.019584155,-0.153951523,-0.317389975,-0.707249109
ILMN_1691112,0.200581697,0.0540802,0.294478881,0.046137748,0.511909328
ILMN_1696911,0.198945063,0.220159037,0.22445415,0.209052239,-0.63340225
ILMN_3201221,0.1430334,-0.022084706,0.029383468,0.15319497,-0.564983509
ILMN_1691861,0.295538386,-0.017222218,0.014219895,0.197532184,0.337704504
ILMN_2131756,0.111145024,-0.093765679,0.028551651,0.184307811,-0.491575464
ILMN_3264073,-0.036666329,-0.137683148,-0.073994657,0.278964322,-0.565171588
ILMN_3290298,0.099896487,-0.354964678,-0.232516822,-0.160977421,-0.370062314
ILMN_3301052,0.048632742,0.033883737,-0.037592043,0.133033796,-0.586892704
ILMN_1777190,0.324078338,0.055976992,0.107433463,0.240438262,0.389162376
ILMN_3245684,-0.001587551,0.024619715,0.087786016,0.254456721,0.378292952
ILMN_3238452,-0.020784043,-0.204788606,-0.133422393,-0.080730008,-0.448116224
ILMN_2299072,-0.003665444,-0.024674783,0.013459671,0.142996442,-0.523300946
ILMN_3291413,-0.005557828,0.093059071,0.026016408,0.161582821,-0.537899006
ILMN_1842286,0.174348043,-0.055207669,0.192377999,-0.068974851,-0.78694917
ILMN_2294762,-0.007238602,-0.20594832,0.000736608,0.010368197,-0.573278792
ILMN_3204890,0.075552983,-0.229182296,-0.364029922,-0.478168625,-0.653035184
ILMN_3197767,0.195983124,0.244325963,-0.062149223,-0.23422893,-0.558159201
ILMN_2389844,0.053670015,-0.06018662,-0.039871575,-0.023550768,-0.664395891
ILMN_1677697,0.023872229,-0.158338675,-0.218693201,-0.192881491,-0.608406647
ILMN_1771149,-0.09111488,0.019713833,0.081326936,-0.033937279,-0.447396173
ILMN_2203453,0.111723867,-0.107597229,-0.166384055,-0.101428562,-0.516423556
ILMN_3235221,0.285019697,-0.463939989,-0.406173781,-0.489071213,-0.740572034
ILMN_2147503,0.08458621,0.021832822,-0.169183293,-0.187238337,-0.451364191
ILMN_3245015,0.063536479,0.096870728,-0.023550229,0.167331653,-0.430817473
ILMN_1705111,-0.065503015,-0.040257544,0.029198703,0.009007168,-0.439000608
ILMN_1674128,0.088790844,-0.124721145,-0.104795439,-0.168358361,-0.468955105
ILMN_1757011,-0.035320295,-0.046791134,-0.054919372,-0.059648418,-0.54584266
ILMN_1786359,0.030046371,-0.167849715,0.043734254,-0.036434708,-0.597317674
ILMN_1724295,-0.00949861,-0.098946023,-0.09559465,-0.016401356,-0.632075102
ILMN_1803647,0.00929111,0.002880898,0.147631676,-0.337285282,-0.676064749
ILMN_2172202,0.136428545,0.151140816,0.083212007,-0.164776094,-0.522743903
ILMN_2076250,0.06004925,-0.165321524,-0.07832057,-0.010021712,-0.551205168
ILMN_3294074,0.059398665,0.03229446,-0.055760566,-0.037194549,-0.382642601
ILMN_3272476,0.00955854,0.031867242,0.065146517,0.20059097,-0.475467851
ILMN_2377862,0.077531234,0.050520394,0.09800318,0.095980541,-0.458955503
ILMN_1771861,0.015201576,0.036384457,0.126362442,-0.228875366,-0.510419951
ILMN_3225244,0.092317665,0.22778815,-0.047481694,0.022260263,-0.673650931
ILMN_2221006,-0.014030843,0.066573513,0.007659376,0.088913688,-0.478585534
ILMN_1774836,-0.004058324,-0.127498469,-0.122911029,-0.103321905,0.342398577
ILMN_1651228,0.149250909,-0.095691916,0.015331663,0.108245871,-0.446516642
ILMN_1783852,0.16418984,-0.143152645,-0.073925837,-0.035649793,-0.610915808
ILMN_2051373,-0.053934966,0.252816249,0.251492171,-0.071927414,-0.431113258
ILMN_2094587,-0.051569328,0.093437622,-0.021908971,-0.070803799,-0.52429526
ILMN_1672947,0.035292674,-0.14120939,-0.071696682,-0.173466341,-0.641974442
ILMN_1876124,-0.113244684,0.103121692,-0.095148568,-0.125955528,-0.327318591
ILMN_1793950,0.1388145,-0.346972726,-0.258324132,-0.234863441,-0.495787149
ILMN_2052383,-0.03215059,0.064668371,-0.131252699,-0.020055988,-0.557178734
ILMN_1681798,0.022502904,-0.132067301,0.066716914,-0.114853102,-0.338745928
ILMN_3237507,0.054545784,-0.172429857,-0.063704728,0.069455995,0.529522813
ILMN_1686573,-0.240890015,-0.126733945,-0.257230439,-0.132210158,0.436982159
ILMN_3210171,0.084843491,0.039032584,0.088211824,0.321445737,-0.53053704
ILMN_3229269,0.100730915,-0.267754339,-0.047334838,0.080404622,-0.559042612
ILMN_1758623,0.119926654,0.076281776,0.396662734,0.198188609,0.656023916
ILMN_1798940,0.169650944,0.211898233,-0.030999039,-0.166759324,-0.576658879
ILMN_1718128,0.099849153,0.10932485,-0.116001402,-0.178509042,-0.364592456
ILMN_1651496,0.157406655,0.12625648,0.493194268,0.165030393,0.773642453
ILMN_1765019,-0.171755175,-0.076287823,0.005300055,-0.100132128,-0.447316331
ILMN_1813240,0.157091153,0.113570055,-0.085408808,-0.114716942,-0.555720078
ILMN_1700811,0.033153394,-0.193865057,0.178253232,0.282196868,0.430709662
ILMN_1672331,0.08568475,-0.142408724,-0.11064714,-0.199002585,-0.378324056
ILMN_1805342,0.097232609,0.050817341,-0.24452032,0.020522168,-0.404751042
ILMN_1777286,0.234925362,0.018248086,-0.064613875,0.277565916,-0.541265203
ILMN_1686811,0.053429529,-0.339666149,-0.368159233,0.096593417,-0.656533821
ILMN_1743345,-0.162424143,-0.221187824,-0.237024624,-0.209141335,-0.380367359
ILMN_3293503,-0.051635436,-0.149369829,-0.104499358,0.135099482,-0.446811648
ILMN_1859573,0.251678657,0.004999467,0.135590661,0.174468203,0.429345177
ILMN_3279414,0.14157748,-0.212528896,-0.047606309,0.141123344,-0.598714142
ILMN_1655868,0.061621454,0.054114846,0.227526002,-0.012906357,-0.337051432
ILMN_1742324,0.04275749,-0.009301619,0.042533093,0.276143714,-0.582777216
ILMN_3289247,0.034608029,-0.30017974,0.03755096,-0.058819638,-0.381906057
ILMN_1704760,0.058565997,0.100620076,-0.01665378,-0.202562746,-0.490739245
ILMN_3201975,0.327388735,-0.392354286,-0.043406749,0.242542963,-0.540032183
ILMN_2404850,-0.004652485,0.223166094,0.187739581,0.247512469,-0.589790743
ILMN_1861556,0.307291488,-0.033022341,0.263055754,0.130931044,0.370733021
ILMN_1857476,0.25193308,0.084268555,0.120110342,0.173458936,0.353551527
ILMN_1699767,0.0229057,0.054513127,-0.019083662,0.135046475,-0.411423869
ILMN_2212156,0.215914088,0.088912,0.075301738,0.044682662,-0.566402784
ILMN_1911873,-0.006647679,0.226356718,0.182500791,0.186112533,0.42914014
ILMN_1702609,0.029874276,-0.187568954,0.02506581,-0.073037942,-0.484787759
ILMN_1793349,-0.068186996,-0.182491592,-0.059257829,-0.189486405,-0.454792262
ILMN_1717834,0.082115606,0.073991727,0.114079211,0.261176131,-0.4208281
ILMN_2407235,0.075677044,-0.02910849,-0.077977644,0.073897729,-0.704552495
ILMN_2179397,-0.107987935,0.148285156,0.032619437,0.01050796,-0.486466655
ILMN_2122022,-0.083108461,0.202283895,-0.115196875,-0.148042825,0.328966908
ILMN_2057826,0.033522372,-0.022946773,0.115763244,-0.009129938,-0.389440716
ILMN_2344455,0.028144002,0.020729945,0.117721343,0.132847481,-0.456179617
ILMN_3304887,0.053515682,0.14963298,-0.029909983,0.047317669,-0.407270519
ILMN_3188076,0.064476271,0.089058925,0.031342958,0.197841759,-0.470468852
ILMN_1773063,0.158851552,-0.0456166,0.113165689,0.074735878,0.33803468
ILMN_1911007,0.264102756,0.203968052,-0.008454956,0.017121126,0.295294069
ILMN_1807945,0.1449374,-0.007394844,-0.002765069,0.037033603,-0.413571688
ILMN_1670438,0.172137581,0.21244221,0.171484058,0.127519963,0.439805188
ILMN_3289489,-0.042072393,0.145308356,0.086298615,-0.022654449,-0.59325502
ILMN_2181540,-0.083808537,0.001891694,0.00173187,0.061182678,-0.530475273
ILMN_2066348,-0.140741569,-0.037392005,0.045390981,-0.101745684,-0.431234341
ILMN_3211935,-0.02946515,0.095134779,-0.08769128,0.097351606,-0.32735172
ILMN_3236130,0.065032797,0.139432155,-0.036616748,0.147694342,-0.673236483
ILMN_1755882,0.020830549,-0.049718244,-0.012043314,-0.006262294,-0.514553297
ILMN_3239653,-0.040701601,0.014464335,-0.098245779,-0.040726046,-0.403555095
ILMN_1799717,0.176228647,-0.065017068,0.058446194,0.14497203,0.414820571
ILMN_1732080,0.019751926,-0.157427737,-0.033402012,-0.017640038,-0.40642783
ILMN_3246097,0.066045827,-0.009141818,0.021602001,-0.031672369,-0.627244403
ILMN_1737413,0.146503599,-0.099817831,-0.021636268,0.020152205,-0.401124939
ILMN_1745423,-0.137441826,0.111010882,-0.036652071,-0.191169003,-0.444378693
ILMN_1729019,0.128012727,-0.037123075,-0.013327422,-0.19086551,-0.618357408
ILMN_1796106,0.218286913,0.080181145,0.019164533,0.262911635,0.329360263
ILMN_1662409,0.006237181,-0.184930362,-0.019812102,0.041519209,-0.517642537
ILMN_1764163,0.309182833,-0.052871766,0.14393247,0.121216072,-0.471771568
ILMN_3279877,0.049232514,-0.118913798,-0.243676799,-0.058784591,-0.328516286
ILMN_3200597,0.126170581,0.110925927,-0.030904534,0.134085248,-0.412296754
ILMN_3202315,-0.044847502,0.088200309,0.01566176,0.165940824,-0.609076152
ILMN_1763730,-0.030200085,-0.116034771,0.058000477,0.060621306,-0.327352221
ILMN_2398388,-0.040384309,-0.035171977,-0.078999297,-0.128838633,-0.451783375
ILMN_1692588,-0.05866818,-0.133090555,-0.035299818,-0.014273622,-0.378625799
ILMN_1764087,0.035496772,0.192028199,0.103539114,0.128343824,0.332420467
ILMN_3256445,-0.002910156,-0.217122276,-0.156840494,-0.195765357,-0.642933943
ILMN_2366212,-0.059504863,-0.345967363,-0.201511268,0.029427953,-0.412662972
ILMN_2370160,-0.053308259,-0.14729322,0.043603092,-0.238101067,-0.448590996
ILMN_3275771,0.097379107,0.109437667,0.08008341,0.251567133,-0.697720683
ILMN_1791568,0.047292132,0.103356176,0.204210776,0.242512863,-0.474608338
ILMN_1657153,-0.062174088,-0.195264992,-0.017798474,-0.240547539,-0.477604997
ILMN_1679127,-0.00845897,0.108159125,-0.101969429,-0.066884045,-0.45508853
ILMN_1654875,0.041201225,0.163558906,-0.01164265,0.080992268,0.388461521
ILMN_3207738,0.096206975,-0.244684477,0.010559485,0.08819732,-0.84264607
ILMN_3230286,0.275753891,0.2999214,-0.029680236,0.117966402,-0.429789263
ILMN_1730516,0.067534886,0.167512311,0.013125669,0.064514762,-0.537929016
ILMN_1713901,0.037565704,-0.161499453,0.224757015,0.062920964,0.43442393
ILMN_2347917,-0.023466022,0.187926766,0.144770069,0.088501973,-0.368326397
ILMN_1676848,-0.001387465,-0.08019737,-0.048797616,0.060422029,-0.35534021
ILMN_2273261,0.149710906,-0.021075766,0.015638264,0.069120992,-0.479968265
ILMN_1707337,0.003523334,0.040150241,0.126430359,0.151998249,-0.354229363
ILMN_1691223,-0.247812172,0.040358872,0.049473746,-0.325068511,0.420542214
ILMN_1668055,0.055900332,0.062251781,-0.144320336,0.079862385,0.447160321
ILMN_2327994,-0.084144529,-0.167354453,-0.090965025,0.139966862,-0.609426998
ILMN_1712530,0.006482414,-0.145611624,-0.116076407,0.039676367,-0.41001718
ILMN_1701289,-0.11717491,-0.174537051,-0.101125669,-0.1558812,-0.614679682
ILMN_2211800,0.180953469,0.296990892,-0.027312375,-0.180583598,-0.607093344
ILMN_1743187,-0.048178751,-0.101182153,-0.005436945,0.099743545,-0.389628685
ILMN_3225304,0.018516988,0.049089616,-0.033743902,-0.111025582,-0.477408793
ILMN_2285375,-0.130253465,-0.079299548,-0.125976518,0.196373672,-0.570790127
ILMN_2145250,-0.005735565,0.065028988,-0.140180193,-0.191221865,-0.482468447
ILMN_1677906,0.230711227,-0.04699003,-0.203556709,0.133967372,-0.633190389
ILMN_3211857,0.133586996,0.162691145,-0.063390723,-0.191547178,-0.437506543
ILMN_1694666,-0.000102352,-0.251563993,-0.120814173,-0.048388742,-0.439164345
ILMN_2046315,0.215714301,0.134154829,-0.070433616,-0.052744544,-0.666967641
ILMN_2077733,0.175233453,-0.019759772,0.233640332,0.280336576,-0.539549846
ILMN_2129715,-0.035950753,-0.065161177,-0.036070326,-0.104246935,-0.380057371
ILMN_2396996,-0.015004763,-0.053381778,-0.007234111,-0.015553259,-0.360451318
ILMN_3297130,-0.103717826,0.094683131,0.117989497,0.027520568,-0.525983782
ILMN_3195253,0.017436476,-0.058743418,-0.047846257,0.196881893,-0.454898376
ILMN_1687036,-0.085320777,0.093901249,0.041060904,-0.182100933,-0.436170285
ILMN_1693421,0.196499339,0.13177765,0.037056419,0.035190074,-0.284505659
ILMN_1818205,0.134199805,0.370075338,0.136874653,0.205001231,0.386506653
ILMN_1651499,0.046802811,0.045666971,0.010587393,0.045044651,-0.356591143
ILMN_1655827,0.00371882,-0.052462938,-0.002874634,-0.03325783,-0.492063203
ILMN_1786186,-0.077064254,0.154567474,-0.129366902,-0.044585583,-0.353277343
ILMN_1776480,0.065959843,0.044325491,0.017922486,0.033291091,0.405093791
ILMN_1763907,-0.046403085,0.172485382,-0.151485756,-0.385664339,-0.426664284
ILMN_3278548,0.093430746,-0.052390504,-0.157772774,-0.078430378,-0.890622057
ILMN_1706013,0.079314164,0.255343712,0.18081897,0.308318987,-0.517226956
ILMN_3292163,0.139376904,-0.323933639,-0.20085753,-0.154607609,-0.377691136
ILMN_2362368,0.198824662,0.289430536,0.189739527,-0.152913037,-0.499587784
ILMN_2047599,-0.027109272,-0.074265413,0.162700396,0.000328795,0.331258152
ILMN_1751120,0.368951357,0.155295854,0.133929076,0.235740572,0.493866623
ILMN_1720088,0.072966201,0.093026255,-0.011189533,-0.024764765,-0.422693967
ILMN_1797055,0.265180573,0.250705577,0.189254767,0.310556726,0.327426715
ILMN_1655663,0.124156491,0.074815528,0.057545391,0.181486285,0.360394913
ILMN_2063584,-0.063524389,-0.117702456,-0.129530062,-0.305756451,-0.463284649
ILMN_1704261,0.143166282,-0.259667507,0.159507086,0.294224714,-0.419710395
ILMN_1656402,-0.059846953,0.134109283,-0.020018021,0.039004316,-0.455804088
ILMN_1778617,-0.087951629,0.191516597,0.071284288,-0.096002519,-0.402619936
ILMN_2113074,-0.01382664,0.076513786,-0.05757352,-0.118071163,-0.527338307
ILMN_2148507,-0.09986308,-0.022683964,-0.095810944,-0.023412187,-0.382448949
ILMN_1763265,-0.097499215,0.03745695,0.006463595,-0.073896328,0.371394235
ILMN_1660270,-0.063008614,-0.000297404,-0.088783696,-0.018894066,-0.427005415
ILMN_2362293,0.030949685,-0.098086965,-0.021513116,-0.056376311,-0.434314232
ILMN_3272590,0.181327414,0.017158207,-0.294408126,0.32644283,-0.37284073
ILMN_1892996,-0.024116761,0.031759393,-0.068243695,0.079530283,0.419011851
ILMN_2122103,-0.136561173,-0.097354952,-0.025128059,-0.318312039,-0.711897034
ILMN_3216794,0.128461379,0.186547827,0.03250297,0.013470916,-0.305234587
ILMN_2211672,0.071537434,-0.074719895,0.044472219,-0.189795579,-0.486654603
ILMN_3249093,-0.009368861,-0.041779483,0.100849834,-0.116070203,0.685207853
ILMN_3211906,0.079535724,-0.016260539,-0.098596056,0.143809989,-0.410436711
ILMN_2389155,-0.090951212,-0.08826893,-0.102361137,-0.231760191,-0.486949179
ILMN_1885728,-0.034536134,-0.113780036,-0.027126143,-0.166476234,-0.337727523
ILMN_3245517,0.102076899,-0.127053888,0.036320286,0.235942265,-0.54913272
ILMN_3284084,0.098194223,-0.137628878,0.007555188,0.214483,-0.405896522
ILMN_3243871,0.08069649,-0.184521785,0.071332149,-0.207548851,-0.528942248
ILMN_2352036,-0.130317921,-0.218133533,-0.288903197,-0.129774148,-0.484400901
ILMN_1859007,-0.059104774,-0.014255295,-0.114634281,-0.195985872,-0.381963438
ILMN_1750880,-0.041342812,0.075186321,-0.012871166,-0.095835449,-0.291758168
ILMN_3283470,0.187116353,-0.068808654,-0.017633636,0.325989205,-0.577819488
ILMN_2088612,0.01377967,0.076080459,-0.081853021,-0.036777284,-0.36358319
ILMN_1782377,-0.043476764,-0.017830377,0.026026412,-0.108341107,-0.455426386
ILMN_2226415,-0.010994802,0.192177232,0.058372629,-0.046053911,-0.305748037
ILMN_3301451,0.041443402,0.09942184,0.014826761,-0.200207298,-0.372194633
ILMN_1809400,-0.039667496,-0.016463755,-0.082483378,-0.11712795,-0.440421945
ILMN_1809439,0.036573523,0.110482222,-0.096340288,0.019243674,-0.468500723
ILMN_1692545,0.022411673,0.028923756,-0.050995695,-0.145707148,-0.365218316
ILMN_2192694,0.022977288,0.32467486,0.150012005,0.164896186,-0.518453819
ILMN_NORMAX,1.5,1.5,1.5,1.5,1.5
ILMN_NORMIN,-1.53,-1.53,-1.53,-1.53,-1.53
